city,Latitude,Longitude,"Max temp, F",Humidity %,Cloudiness,"Wind Speed, mph",Country,Date
takhtamygda,54.1,123.57,63.75,96.0,99.0,7.96,RU,1595532829.0
dikson,73.51,80.55,40.98,87.0,0.0,7.07,RU,1595532710.0
punta arenas,-53.15,-70.92,39.2,80.0,40.0,18.34,CL,1595532704.0
bethel,41.37,-73.41,86.0,66.0,20.0,12.75,US,1595532715.0
adrar,20.5,-10.07,101.3,18.0,0.0,6.6,MR,1595532714.0
takoradi,4.88,-1.76,74.89,88.0,88.0,8.1,GH,1595532774.0
kerchevskiy,59.95,56.29,59.47,79.0,80.0,6.13,RU,1595532830.0
yellowknife,62.46,-114.35,61.0,87.0,90.0,12.75,CA,1595532684.0
ponta do sol,32.67,-17.1,71.6,68.0,20.0,18.34,PT,1595532712.0
georgetown,5.41,100.34,80.6,88.0,20.0,2.24,MY,1595532713.0
kruisfontein,-34.0,24.73,56.82,45.0,0.0,3.74,ZA,1595532721.0
cape town,-33.93,18.42,57.0,93.0,0.0,3.36,ZA,1595532469.0
lebu,-37.62,-73.65,48.31,62.0,46.0,5.3,CL,1595532744.0
mataura,-46.19,168.86,39.0,83.0,99.0,3.0,NZ,1595532715.0
port lincoln,-34.73,135.87,52.3,54.0,0.0,18.21,AU,1595532712.0
aklavik,68.22,-135.01,59.0,54.0,40.0,12.75,CA,1595532753.0
huambo,-12.78,15.74,54.43,38.0,0.0,4.23,AO,1595532830.0
rikitea,-23.12,-134.97,66.83,65.0,0.0,17.54,PF,1595532712.0
batemans bay,-35.72,150.18,43.0,95.0,15.0,3.0,AU,1595532831.0
chokurdakh,70.63,147.92,68.36,60.0,8.0,5.68,RU,1595532772.0
nanortalik,60.14,-45.24,47.91,91.0,100.0,6.38,GL,1595532714.0
ushuaia,-54.8,-68.3,41.0,60.0,75.0,6.93,AR,1595532620.0
hithadhoo,-0.6,73.08,83.25,68.0,100.0,2.59,MV,1595532656.0
bluff,-46.6,168.33,39.0,83.0,96.0,3.0,NZ,1595532712.0
puquio,-14.7,-74.13,61.05,30.0,10.0,13.44,PE,1595532831.0
margate,51.38,1.39,68.0,47.0,100.0,1.99,GB,1595532706.0
eidfjord,60.47,7.07,52.0,60.0,7.0,1.01,NO,1595532831.0
khabary,53.63,79.53,53.15,72.0,98.0,7.83,RU,1595532832.0
san severo,41.69,15.38,80.6,61.0,20.0,8.05,IT,1595532832.0
batagay,67.63,134.63,69.37,52.0,35.0,3.58,RU,1595532759.0
zyryanka,65.75,150.85,74.5,46.0,95.0,3.91,RU,1595532754.0
mar del plata,-38.0,-57.56,55.99,100.0,90.0,9.17,AR,1595532489.0
harindanga,22.04,88.32,82.4,94.0,40.0,6.33,IN,1595532832.0
khatanga,71.97,102.5,41.88,88.0,100.0,17.18,RU,1595532761.0
norman wells,65.28,-126.83,60.8,63.0,75.0,11.41,CA,1595532709.0
qaanaaq,77.48,-69.36,48.65,52.0,0.0,1.45,GL,1595532715.0
new norfolk,-42.78,147.06,39.0,85.0,85.0,1.01,AU,1595532733.0
kuala pilah,2.74,102.25,78.8,88.0,20.0,3.36,MY,1595532833.0
hermanus,-34.42,19.23,57.99,88.0,0.0,3.0,ZA,1595532743.0
sao filipe,14.9,-24.5,78.67,84.0,100.0,7.2,CV,1595532731.0
puerto ayora,-0.74,-90.35,78.8,61.0,20.0,25.28,EC,1595532711.0
santa cruz de la palma,28.68,-17.76,73.4,73.0,20.0,18.34,ES,1595532833.0
lac du bonnet,50.25,-96.06,75.99,98.0,13.0,15.99,CA,1595532833.0
jamestown,42.1,-79.24,81.0,61.0,20.0,10.29,US,1595532488.0
hobart,-42.88,147.33,41.0,80.0,63.0,3.36,AU,1595532547.0
hailin,44.58,129.42,62.51,90.0,65.0,0.58,CN,1595532833.0
poronaysk,49.22,143.12,52.74,88.0,100.0,1.79,RU,1595532833.0
atuona,-9.8,-139.03,78.66,75.0,0.0,19.82,PF,1595532707.0
busselton,-33.65,115.33,44.01,74.0,0.0,4.05,AU,1595532714.0
saskylakh,71.92,114.08,49.46,94.0,87.0,5.44,RU,1595532714.0
la asuncion,11.03,-63.86,89.6,55.0,88.0,13.87,VE,1595532771.0
nikolskoye,59.7,30.79,57.0,71.0,20.0,6.71,RU,1595532718.0
cap-aux-meules,47.38,-61.86,73.4,64.0,20.0,9.17,CA,1595532721.0
bredasdorp,-34.53,20.04,53.6,93.0,0.0,2.24,ZA,1595532505.0
hofn,64.25,-15.21,47.48,81.0,100.0,13.87,IS,1595532834.0
kolchugino,56.3,39.38,50.27,91.0,0.0,5.57,RU,1595532834.0
albany,42.6,-73.97,82.99,83.0,83.0,6.78,US,1595532713.0
talnakh,69.49,88.4,44.6,81.0,100.0,22.37,RU,1595532753.0
saquarema,-22.92,-42.51,78.8,61.0,0.0,14.99,BR,1595532538.0
pevek,69.7,170.31,47.7,74.0,60.0,10.49,RU,1595532726.0
mayumba,-3.43,10.66,71.42,84.0,53.0,3.15,GA,1595532835.0
barrow,71.29,-156.79,44.6,93.0,90.0,18.34,US,1595532719.0
chuy,-33.7,-53.46,66.74,94.0,100.0,4.88,UY,1595532717.0
naivasha,-0.72,36.44,57.0,90.0,56.0,5.99,KE,1595532835.0
okhotsk,59.38,143.3,57.78,81.0,67.0,1.1,RU,1595532835.0
tucurui,-3.77,-49.67,87.85,53.0,56.0,1.9,BR,1595532835.0
geraldton,-28.77,114.6,42.8,93.0,0.0,5.82,AU,1595532711.0
tuy hoa,13.08,109.3,76.91,86.0,100.0,6.11,VN,1595532738.0
vardo,70.37,31.11,10.4,100.0,75.0,13.87,NO,1595532734.0
ostrovnoy,68.05,39.51,62.33,84.0,100.0,9.86,RU,1595532727.0
arraial do cabo,-22.97,-42.03,78.8,61.0,12.0,14.99,BR,1595532715.0
olafsvik,64.89,-23.71,48.24,70.0,0.0,18.72,IS,1595532751.0
doha,25.29,51.53,93.99,67.0,0.0,5.82,QA,1595532828.0
axim,4.87,-2.24,75.0,88.0,98.0,7.31,GH,1595532740.0
longyearbyen,78.22,15.64,48.2,81.0,90.0,10.29,SJ,1595532731.0
bumba,2.18,22.47,74.21,86.0,100.0,3.13,CD,1595532836.0
palmer,42.16,-72.33,88.0,83.0,75.0,3.36,US,1595532836.0
cidreira,-30.18,-50.21,66.72,76.0,100.0,10.87,BR,1595532770.0
port-de-bouc,43.4,4.98,84.2,48.0,100.0,6.93,FR,1595532837.0
vaini,-21.2,-175.2,68.0,100.0,75.0,3.36,TO,1595532735.0
castro,-24.79,-50.01,68.63,62.0,1.0,4.54,BR,1595532744.0
mujiayingzi,42.12,118.78,69.28,54.0,27.0,3.85,CN,1595532837.0
cherskiy,68.75,161.3,65.03,66.0,17.0,8.75,RU,1595532758.0
zunyi,27.69,106.91,69.82,94.0,86.0,4.56,CN,1595532837.0
hilo,19.73,-155.09,77.0,73.0,90.0,10.29,US,1595532715.0
cabo san lucas,22.89,-109.91,90.0,62.0,5.0,11.41,MX,1595532672.0
la porte,29.67,-95.02,91.99,66.0,25.0,1.01,US,1595532837.0
moose factory,51.26,-80.61,80.6,44.0,1.0,8.05,CA,1595532744.0
inirida,3.87,-67.92,77.07,92.0,97.0,3.31,CO,1595532838.0
kapaa,22.08,-159.32,82.99,74.0,40.0,13.87,US,1595532718.0
pronsk,54.1,39.61,52.66,84.0,0.0,6.62,RU,1595532838.0
bubaque,11.28,-15.83,81.09,83.0,100.0,15.32,GW,1595532763.0
koutsouras,35.03,25.95,82.0,46.0,0.0,11.99,GR,1595532838.0
pano aqil,27.86,69.11,91.4,59.0,0.0,9.17,PK,1595532838.0
sao gabriel,-30.34,-54.32,74.77,76.0,100.0,7.45,BR,1595532838.0
east london,-33.02,27.91,64.26,47.0,0.0,8.99,ZA,1595532722.0
kodiak,57.79,-152.41,57.2,71.0,1.0,1.9,US,1595532549.0
billings,45.78,-108.5,82.0,36.0,90.0,18.34,US,1595532731.0
viedma,-40.81,-63.0,45.0,93.0,100.0,7.0,AR,1595532734.0
kayerkan,69.35,87.76,44.6,81.0,98.0,22.37,RU,1595532839.0
namibe,-15.2,12.15,67.01,72.0,0.0,2.95,AO,1595532759.0
soanierana ivongo,-16.92,49.58,66.09,87.0,63.0,10.36,MG,1595532839.0
half moon bay,37.46,-122.43,72.0,64.0,40.0,13.87,US,1595532839.0
touros,-5.2,-35.46,82.4,65.0,75.0,13.87,BR,1595532767.0
challapata,-18.9,-66.77,56.34,29.0,0.0,17.18,BO,1595532839.0
kutum,14.2,24.67,79.74,50.0,35.0,17.02,SD,1595532839.0
lokosovo,61.13,74.82,52.11,79.0,0.0,6.26,RU,1595532840.0
seoul,37.57,126.98,71.6,73.0,90.0,5.82,KR,1595532757.0
ribeira grande,38.52,-28.7,73.4,64.0,40.0,5.82,PT,1595532714.0
klaksvik,62.23,-6.59,51.8,87.0,60.0,5.82,FO,1595532722.0
cururupu,-1.83,-44.87,82.47,61.0,18.0,5.44,BR,1595532724.0
carnarvon,-24.87,113.63,60.8,82.0,0.0,12.75,AU,1595532740.0
walvis bay,-22.96,14.51,78.8,14.0,0.0,3.36,NA,1595532776.0
yantal,56.85,105.25,52.11,85.0,0.0,1.34,RU,1595532840.0
bondoukou,8.03,-2.8,72.28,89.0,99.0,3.47,CI,1595532840.0
avarua,-21.21,-159.78,73.4,100.0,22.0,4.7,CK,1595532725.0
port alfred,-33.59,26.89,64.17,43.0,0.0,8.43,ZA,1595532724.0
nagapattinam,10.77,79.83,82.85,78.0,100.0,15.19,IN,1595532841.0
toora-khem,52.47,96.11,51.13,71.0,100.0,2.39,RU,1595532713.0
tasiilaq,65.61,-37.64,41.0,80.0,75.0,9.17,GL,1595532727.0
upernavik,72.79,-56.15,46.33,74.0,80.0,11.32,GL,1595532505.0
clyde river,70.47,-68.59,48.2,61.0,75.0,11.41,CA,1595532734.0
abu road,24.48,72.78,84.07,71.0,100.0,6.2,IN,1595532841.0
lompoc,34.64,-120.46,69.01,68.0,0.0,5.82,US,1595532709.0
kokkarion,37.78,26.89,86.0,40.0,0.0,14.99,GR,1595532841.0
ancud,-41.87,-73.82,46.4,61.0,0.0,6.93,CL,1595532737.0
sarakhs,36.54,61.16,89.6,31.0,0.0,6.93,IR,1595532842.0
torbay,47.67,-52.73,75.0,49.0,75.0,16.11,CA,1595532729.0
tuatapere,-46.13,167.68,39.0,83.0,93.0,3.0,NZ,1595532734.0
quatre cocos,-20.21,57.76,68.0,68.0,75.0,18.34,MU,1595532842.0
saint george,37.1,-113.58,98.01,20.0,1.0,5.82,US,1595532756.0
mana,5.66,-53.78,81.16,82.0,96.0,9.26,GF,1595532842.0
muros,42.78,-9.06,72.0,63.0,84.0,5.99,ES,1595532842.0
chumikan,54.72,135.31,48.87,92.0,17.0,2.51,RU,1595532758.0
mahebourg,-20.41,57.7,68.0,68.0,75.0,18.34,MU,1595532726.0
narsaq,60.92,-46.05,59.0,62.0,75.0,6.93,GL,1595532720.0
samarai,-10.62,150.67,77.61,84.0,77.0,11.25,PG,1595532843.0
tuktoyaktuk,69.45,-133.04,55.4,58.0,75.0,16.11,CA,1595532725.0
chippewa falls,44.94,-91.39,77.0,53.0,75.0,6.93,US,1595532602.0
hasaki,35.73,140.83,70.0,100.0,40.0,2.24,JP,1595532771.0
fortuna,40.6,-124.16,63.0,82.0,75.0,9.17,US,1595532517.0
butaritari,3.07,172.79,82.35,79.0,3.0,16.08,KI,1595532716.0
amuntai,-2.42,115.25,72.73,98.0,92.0,1.21,ID,1595532844.0
miri,4.41,114.01,75.2,100.0,40.0,3.36,MY,1595532844.0
port moresby,-9.44,147.18,75.2,94.0,75.0,11.41,PG,1595532844.0
vestmannaeyjar,63.44,-20.27,51.17,86.0,65.0,16.49,IS,1595532844.0
san isidro,-12.12,-77.05,64.4,77.0,75.0,8.05,PE,1595532844.0
maningrida,-12.07,134.27,64.09,93.0,2.0,6.49,AU,1595532844.0
fairbanks,64.84,-147.72,60.8,77.0,40.0,3.49,US,1595532735.0
sibut,5.72,19.07,70.72,92.0,100.0,1.25,CF,1595532845.0
tupanatinga,-8.75,-37.34,71.01,69.0,95.0,14.25,BR,1595532845.0
harper,4.38,-7.72,75.92,86.0,81.0,9.89,LR,1595532845.0
matara,5.95,80.54,78.01,87.0,97.0,9.1,LK,1595532743.0
naze,28.37,129.48,82.4,88.0,40.0,8.05,JP,1595532766.0
gold coast,-28.0,153.43,59.0,87.0,90.0,8.05,AU,1595532684.0
ous,60.91,61.52,55.13,65.0,0.0,4.18,RU,1595532845.0
madingou,-4.15,13.55,78.44,48.0,10.0,4.85,CG,1595532845.0
airai,-8.93,125.41,52.52,72.0,53.0,2.66,TL,1595532504.0
mokhsogollokh,61.47,128.92,58.35,84.0,6.0,3.76,RU,1595532846.0
xenia,39.68,-83.93,84.0,69.0,40.0,10.92,US,1595532846.0
bengkulu,-3.8,102.27,75.07,89.0,100.0,5.61,ID,1595532641.0
bangaon,23.07,88.82,82.4,94.0,40.0,4.7,IN,1595532846.0
bathsheba,13.22,-59.52,87.8,58.0,40.0,16.11,BB,1595532748.0
kaitangata,-46.28,169.85,37.99,76.0,95.0,8.01,NZ,1595532846.0
porto novo,6.5,2.6,77.0,94.0,20.0,12.75,BJ,1595532846.0
mount isa,-20.73,139.5,48.2,66.0,0.0,11.59,AU,1595532666.0
hualmay,-11.1,-77.61,65.98,72.0,36.0,12.44,PE,1595532846.0
buin,-33.73,-70.75,53.6,46.0,40.0,4.7,CL,1595532741.0
benguela,-12.58,13.41,68.61,88.0,12.0,3.85,AO,1595532847.0
ilulissat,69.22,-51.1,53.6,62.0,75.0,3.36,GL,1595532717.0
saldanha,-33.01,17.94,64.4,59.0,0.0,2.24,ZA,1595532722.0
dunedin,-45.87,170.5,42.01,73.0,70.0,5.99,NZ,1595532847.0
te anau,-45.42,167.72,34.36,88.0,61.0,2.55,NZ,1595532766.0
aquidauana,-20.47,-55.79,90.91,21.0,0.0,3.33,BR,1595532847.0
karratha,-20.74,116.85,69.06,43.0,0.0,7.96,AU,1595532763.0
sangar,63.92,127.47,61.72,69.0,3.0,9.31,RU,1595532847.0
dese,11.13,39.63,58.21,78.0,99.0,2.86,ET,1595532847.0
obo,5.4,26.49,67.75,94.0,85.0,1.48,CF,1595532787.0
nandaime,11.76,-86.05,87.8,70.0,40.0,4.7,NI,1595532848.0
isangel,-19.55,169.27,72.72,84.0,62.0,11.95,VU,1595532739.0
shenjiamen,29.96,122.3,77.02,93.0,100.0,8.63,CN,1595532848.0
faya,18.39,42.45,73.4,78.0,47.0,3.02,SA,1595532848.0
sioux lookout,50.1,-91.92,82.4,37.0,75.0,10.29,CA,1595532848.0
komsomolskiy,40.43,71.72,80.6,34.0,3.0,4.7,UZ,1595532734.0
sorland,67.67,12.69,50.0,93.0,75.0,17.22,NO,1595532788.0
saint anthony,45.02,-93.22,78.01,57.0,1.0,4.7,US,1595532837.0
ati,13.22,18.34,84.11,53.0,71.0,11.63,TD,1595532849.0
tarauaca,-8.16,-70.77,90.61,46.0,83.0,1.77,BR,1595532849.0
pesqueira,-8.36,-36.7,73.58,58.0,95.0,13.02,BR,1595532849.0
katobu,-4.94,122.53,71.38,91.0,67.0,2.64,ID,1595532849.0
iracoubo,5.48,-53.2,81.41,79.0,92.0,10.38,GF,1595532849.0
pisco,-13.7,-76.22,70.0,64.0,0.0,8.05,PE,1595532659.0
lernakert,40.56,43.94,59.0,87.0,75.0,11.41,AM,1595532849.0
esperance,-33.87,121.9,46.4,87.0,40.0,9.17,AU,1595532722.0
hisar,29.17,75.72,91.11,42.0,0.0,5.21,IN,1595532849.0
biri,12.68,124.36,82.08,81.0,94.0,6.33,PH,1595532850.0
berlevag,70.86,29.09,50.0,100.0,90.0,2.24,NO,1595532767.0
grindavik,63.84,-22.43,53.6,66.0,2.0,21.92,IS,1595532737.0
maniitsoq,65.42,-52.9,47.53,85.0,100.0,8.19,GL,1595532850.0
pangnirtung,66.15,-65.71,51.8,81.0,90.0,11.41,CA,1595532767.0
khash,28.22,61.22,73.18,47.0,0.0,2.91,IR,1595532850.0
hangal,14.77,75.13,72.7,92.0,100.0,4.43,IN,1595532850.0
feldkirchen-westerham,47.91,11.84,69.01,81.0,66.0,1.01,DE,1595532850.0
san carlos de bariloche,-41.15,-71.31,28.4,74.0,20.0,6.93,AR,1595532625.0
souillac,-20.52,57.52,68.0,68.0,75.0,18.34,MU,1595532759.0
deputatskiy,69.3,139.9,71.55,48.0,100.0,1.3,RU,1595532851.0
hatfield,51.76,-0.22,75.99,72.0,90.0,10.29,GB,1595532851.0
pahrump,36.21,-115.98,97.0,11.0,0.0,7.0,US,1595532851.0
atambua,-9.11,124.89,64.85,87.0,56.0,6.02,ID,1595532759.0
lagoa,39.05,-27.98,69.94,69.0,0.0,3.02,PT,1595532516.0
sorong,-0.88,131.25,77.49,87.0,25.0,6.98,ID,1595532773.0
shurugwi,-19.67,30.01,44.4,88.0,3.0,8.86,ZW,1595532851.0
reinosa,43.0,-4.14,73.4,78.0,75.0,5.82,ES,1595532851.0
sabang,5.89,95.32,81.27,75.0,87.0,7.47,ID,1595532851.0
kharitonovo,61.4,47.5,59.16,94.0,100.0,8.01,RU,1595532852.0
high prairie,55.43,-116.49,57.34,91.0,100.0,5.26,CA,1595532852.0
sao joao da barra,-21.64,-41.05,80.6,47.0,0.0,16.11,BR,1595532752.0
kristiinankaupunki,62.27,21.38,53.28,91.0,100.0,17.02,FI,1595532782.0
wufeng,27.45,104.83,61.41,100.0,87.0,4.0,CN,1595532852.0
damaturu,11.75,11.96,81.57,66.0,26.0,12.46,NG,1595532852.0
mindupok,6.09,124.42,78.55,75.0,99.0,3.78,PH,1595532852.0
arak,34.09,49.69,75.06,20.0,23.0,5.12,IR,1595532625.0
shingu,33.73,135.98,75.69,81.0,100.0,2.55,JP,1595532774.0
makakilo city,21.35,-158.09,82.4,61.0,1.0,6.93,US,1595532504.0
callaway,30.15,-85.57,89.01,70.0,20.0,10.29,US,1595532853.0
tual,-5.67,132.75,78.82,82.0,8.0,18.61,ID,1595532752.0
tiksi,71.69,128.87,58.68,81.0,98.0,8.41,RU,1595532738.0
lata,40.16,-8.33,77.0,70.0,0.0,4.0,PT,1595532718.0
dourbali,11.81,15.86,79.9,67.0,88.0,5.41,TD,1595532853.0
fort nelson,58.81,-122.7,60.8,77.0,90.0,3.36,CA,1595532629.0
ulaangom,49.98,92.07,63.09,75.0,98.0,1.57,MN,1595532853.0
ewing,40.27,-74.8,88.0,62.0,75.0,8.05,US,1595532671.0
krasnoselkup,65.7,82.47,49.57,70.0,29.0,14.54,RU,1595532771.0
saint-philippe,-21.36,55.77,64.4,72.0,40.0,13.87,RE,1595532710.0
galesong,-5.32,119.37,69.8,94.0,20.0,2.24,ID,1595532853.0
marsa matruh,31.35,27.25,78.8,74.0,20.0,6.93,EG,1595532854.0
bandarbeyla,9.49,50.81,75.96,81.0,20.0,31.05,SO,1595532854.0
kieta,-6.22,155.63,78.46,77.0,66.0,5.23,PG,1595532772.0
ayan,56.45,138.17,53.24,77.0,42.0,4.43,RU,1595532854.0
rocha,-34.48,-54.33,70.68,87.0,100.0,5.68,UY,1595532854.0
avera,33.19,-82.53,91.4,55.0,40.0,4.7,US,1595532735.0
timaru,-44.4,171.25,37.99,39.0,0.0,5.01,NZ,1595532810.0
filadelfia,39.95,-75.16,89.01,58.0,75.0,11.41,US,1595532652.0
aripuana,-9.17,-60.63,96.44,25.0,84.0,1.83,BR,1595532854.0
pascagoula,30.37,-88.56,84.2,74.0,1.0,10.29,US,1595532732.0
kavaratti,10.57,72.64,82.27,79.0,100.0,11.72,IN,1595532719.0
shu,43.6,73.76,81.0,73.0,81.0,4.0,KZ,1595532855.0
laguna,38.42,-121.42,82.0,44.0,1.0,9.17,US,1595532700.0
taoudenni,22.68,-3.98,107.02,11.0,5.0,6.17,ML,1595532710.0
attock,33.77,72.36,84.99,74.0,0.0,5.82,PK,1595532855.0
dharchula,29.85,80.53,65.86,72.0,0.0,2.08,IN,1595532718.0
outjo,-20.12,16.15,55.24,34.0,0.0,10.83,NA,1595532855.0
talara,-4.58,-81.27,73.4,69.0,1.0,18.34,PE,1595532855.0
provideniya,64.38,-173.3,48.2,76.0,90.0,6.71,RU,1595532729.0
chapeco,-27.1,-52.62,80.01,35.0,100.0,2.8,BR,1595532856.0
nata,8.33,-80.52,82.4,70.0,40.0,5.82,PA,1595532856.0
west wendover,40.74,-114.07,82.4,34.0,1.0,8.05,US,1595532856.0
balkhash,46.84,74.98,76.78,43.0,92.0,7.02,KZ,1595532856.0
brandon,27.94,-82.29,79.0,88.0,40.0,3.36,US,1595532790.0
concordia,-31.39,-58.02,55.4,93.0,90.0,11.41,AR,1595532857.0
damietta,31.42,31.81,82.4,69.0,0.0,11.41,EG,1595532857.0
srivardhan,18.03,73.02,81.18,83.0,100.0,0.54,IN,1595532857.0
gravdal,68.12,13.5,50.0,93.0,75.0,17.22,NO,1595532857.0
severo-kurilsk,50.68,156.12,49.41,91.0,100.0,3.18,RU,1595532718.0
pithoragarh,29.58,80.22,62.67,97.0,0.0,1.48,IN,1595532858.0
sarab,38.61,44.99,76.15,52.0,60.0,1.52,IR,1595532858.0
ewa beach,21.32,-158.01,82.4,61.0,1.0,6.93,US,1595532858.0
port macquarie,-31.43,152.92,42.8,100.0,40.0,1.12,AU,1595532858.0
sao gabriel da cachoeira,-0.13,-67.09,82.4,78.0,40.0,4.7,BR,1595532859.0
teya,60.38,92.63,48.49,91.0,98.0,5.32,RU,1595532719.0
coquimbo,-29.95,-71.34,57.2,58.0,95.0,12.75,CL,1595532698.0
guerrero negro,27.98,-114.06,74.55,54.0,3.0,14.23,MX,1595532768.0
kargopol,61.51,38.95,54.1,97.0,100.0,3.89,RU,1595532859.0
camacha,33.08,-16.33,69.8,73.0,75.0,13.87,PT,1595532859.0
guymon,36.68,-101.48,91.4,43.0,1.0,12.75,US,1595532565.0
rawlins,41.79,-107.24,82.4,26.0,20.0,18.34,US,1595532860.0
scottsbluff,41.87,-103.67,95.0,23.0,1.0,3.36,US,1595532860.0
quesnel,53.0,-122.5,66.2,55.0,75.0,3.36,CA,1595532860.0
kilindoni,-7.91,39.67,76.32,68.0,2.0,18.79,TZ,1595532425.0
wanning,18.8,110.4,80.71,82.0,23.0,6.33,CN,1595532744.0
katangli,51.71,143.23,50.36,87.0,100.0,9.46,RU,1595532734.0
komoro,36.32,138.43,69.01,84.0,100.0,2.08,JP,1595532860.0
chickasha,35.05,-97.94,89.01,83.0,90.0,12.75,US,1595532856.0
beberibe,-4.18,-38.13,84.2,58.0,75.0,17.22,BR,1595532861.0
santa isabel,-23.32,-46.22,80.6,34.0,5.0,3.36,BR,1595532861.0
los llanos de aridane,28.66,-17.92,73.4,73.0,20.0,18.34,ES,1595532748.0
kalmar,56.66,16.36,63.0,55.0,21.0,10.29,SE,1595532861.0
varberg,57.11,12.25,62.01,78.0,100.0,8.01,SE,1595532861.0
thompson,55.74,-97.86,78.8,65.0,75.0,9.17,CA,1595532725.0
ghoti,19.72,73.62,73.72,91.0,100.0,3.69,IN,1595532862.0
vanimo,-2.67,141.3,77.85,82.0,13.0,5.1,PG,1595532730.0
faanui,-16.48,-151.75,77.23,81.0,0.0,20.07,PF,1595532741.0
vila franca do campo,37.72,-25.43,69.8,68.0,40.0,6.93,PT,1595532787.0
larap,14.3,122.65,79.21,88.0,100.0,4.79,PH,1595532862.0
nioro,13.35,-15.75,79.23,82.0,88.0,5.12,GM,1595532862.0
kalmunai,7.42,81.82,79.43,81.0,95.0,15.05,LK,1595532690.0
paita,-5.09,-81.11,73.4,69.0,2.0,18.34,PE,1595532706.0
kahului,20.89,-156.47,86.0,48.0,20.0,16.11,US,1595532423.0
aswan,24.09,32.91,91.78,14.0,0.0,12.12,EG,1595532863.0
betsiamites,48.94,-68.65,71.6,56.0,75.0,6.93,CA,1595532863.0
port-gentil,-0.72,8.78,77.0,83.0,20.0,12.73,GA,1595532863.0
juneau,58.3,-134.42,55.4,87.0,90.0,9.17,US,1595532718.0
santa fe,-31.63,-60.7,48.0,85.0,100.0,8.99,AR,1595532863.0
ransang,8.96,117.58,79.14,78.0,100.0,3.69,PH,1595532863.0
oranjestad,12.52,-70.03,89.6,62.0,75.0,20.8,AW,1595532612.0
shar,49.59,81.05,65.34,47.0,69.0,7.09,KZ,1595532864.0
ninghai,29.29,121.42,84.2,74.0,40.0,4.47,CN,1595532789.0
antofagasta,-23.65,-70.4,59.0,62.0,20.0,18.34,CL,1595532622.0
shunyi,40.12,116.65,82.99,88.0,73.0,2.24,CN,1595532864.0
neiafu,-18.65,-173.98,73.4,94.0,40.0,2.24,TO,1595532864.0
lazaro cardenas,17.96,-102.2,86.2,65.0,76.0,7.63,MX,1595532864.0
husavik,66.04,-17.34,50.0,66.0,75.0,14.99,IS,1595532865.0
owando,-0.48,15.9,76.87,72.0,100.0,3.22,CG,1595532865.0
isoka,-10.16,32.63,52.11,75.0,0.0,2.53,ZM,1595532865.0
hamilton,39.18,-84.53,87.01,74.0,75.0,8.05,US,1595532481.0
egvekinot,66.32,-179.17,59.16,52.0,41.0,3.98,RU,1595532726.0
kichera,55.94,110.1,56.79,77.0,6.0,3.6,RU,1595532865.0
abu dhabi,24.47,54.37,93.2,70.0,0.0,9.17,AE,1595532851.0
loutros,40.59,22.4,82.99,51.0,0.0,1.01,GR,1595532865.0
kyzyl-suu,42.34,78.0,60.62,34.0,37.0,5.3,KG,1595532866.0
salalah,17.02,54.09,80.6,88.0,40.0,6.93,OM,1595532490.0
san quintin,30.48,-115.95,70.29,62.0,0.0,12.26,MX,1595532866.0
bilma,18.69,12.92,94.39,12.0,0.0,9.35,NE,1595532866.0
venice,27.1,-82.45,75.99,94.0,75.0,9.17,US,1595532710.0
constitucion,-35.33,-72.42,52.02,71.0,42.0,3.02,CL,1595532731.0
sazonovo,59.09,35.23,49.73,92.0,34.0,4.0,RU,1595532866.0
sisimiut,66.94,-53.67,53.11,71.0,9.0,8.5,GL,1595532867.0
pozo colorado,-23.49,-58.8,89.69,26.0,0.0,6.62,PY,1595532867.0
sagone,42.12,8.7,78.8,74.0,0.0,2.24,FR,1595532867.0
tura,25.52,90.22,74.57,98.0,100.0,5.41,IN,1595532718.0
igbon,11.21,123.17,80.38,82.0,100.0,5.91,PH,1595532867.0
daye,30.08,114.95,79.74,87.0,100.0,2.21,CN,1595532868.0
marsh harbour,26.54,-77.06,84.22,74.0,59.0,17.31,BS,1595532809.0
nhulunbuy,-12.23,136.77,69.8,100.0,0.0,4.7,AU,1595532868.0
colac,-38.33,143.58,37.99,91.0,88.0,2.84,AU,1595532868.0
yeppoon,-23.13,150.73,55.4,93.0,40.0,11.54,AU,1595532755.0
winnemucca,40.97,-117.74,82.4,26.0,1.0,8.66,US,1595532868.0
gushikawa,26.35,127.87,84.2,88.0,20.0,5.82,JP,1595532868.0
masallatah,32.62,14.0,72.5,84.0,0.0,6.55,LY,1595532868.0
port-cartier,50.03,-66.87,70.0,64.0,75.0,8.05,CA,1595532869.0
pleasanton,37.66,-121.87,80.01,49.0,1.0,9.17,US,1595532869.0
donskoye,45.46,41.97,71.6,46.0,0.0,8.95,RU,1595532869.0
vao,-22.67,167.48,69.21,79.0,0.0,18.48,NC,1595532760.0
quelimane,-17.88,36.89,69.8,77.0,40.0,2.24,MZ,1595532869.0
havre-saint-pierre,50.23,-63.6,73.4,53.0,1.0,10.29,CA,1595532772.0
san jeronimo,-11.95,-75.28,59.92,44.0,46.0,10.92,PE,1595532869.0
beidao,34.57,105.89,67.24,88.0,100.0,1.88,CN,1595532870.0
permet,40.23,20.35,78.01,49.0,25.0,1.01,AL,1595532870.0
krutinka,56.01,71.51,51.89,79.0,0.0,8.66,RU,1595532870.0
richards bay,-28.78,32.04,61.47,77.0,0.0,7.92,ZA,1595532870.0
noumea,-22.28,166.46,60.8,87.0,0.0,2.24,NC,1595532605.0
hagi,34.4,131.42,77.0,94.0,75.0,19.46,JP,1595532870.0
luziania,-16.25,-47.95,78.8,31.0,0.0,5.82,BR,1595532870.0
kudahuvadhoo,2.67,72.89,82.72,74.0,100.0,10.76,MV,1595532871.0
pohrebyshche,49.49,29.26,68.0,56.0,100.0,3.0,UA,1595532871.0
bilibino,68.05,166.44,70.79,41.0,0.0,5.03,RU,1595532871.0
auki,-8.77,160.7,78.21,85.0,100.0,4.79,SB,1595532871.0
charlestown,-32.95,151.67,50.0,100.0,0.0,2.93,AU,1595532871.0
nador,35.17,-2.93,80.6,83.0,0.0,4.7,MA,1595532715.0
portobelo,9.55,-79.65,81.0,78.0,93.0,13.0,PA,1595532871.0
udachnyy,66.42,112.4,48.2,93.0,75.0,4.47,RU,1595532872.0
saint-louis,16.33,-15.0,96.8,47.0,20.0,6.93,SN,1595532872.0
truth or consequences,33.13,-107.25,87.01,45.0,40.0,5.82,US,1595532872.0
port elizabeth,-33.92,25.57,53.6,81.0,0.0,2.24,ZA,1595532727.0
iwaki,37.05,140.88,70.0,96.0,100.0,2.55,JP,1595532872.0
christchurch,-43.53,172.63,26.6,92.0,51.0,1.12,NZ,1595532872.0
pangoa,-12.12,-73.0,78.26,76.0,52.0,3.11,PE,1595532872.0
kokopo,-4.35,152.26,77.67,81.0,0.0,9.24,PG,1595532872.0
ypsonas,34.69,32.96,82.4,88.0,0.0,5.82,CY,1595532873.0
contepec,20.02,-100.12,77.0,44.0,75.0,5.82,MX,1595532873.0
la primavera,5.49,-70.41,84.72,74.0,99.0,7.27,CO,1595532873.0
lavrentiya,65.58,-171.0,56.41,52.0,96.0,9.6,RU,1595532756.0
ketchikan,55.34,-131.65,55.4,100.0,90.0,9.17,US,1595532766.0
ranong,9.97,98.63,79.18,81.0,100.0,0.78,TH,1595532873.0
kirakira,-10.45,161.92,79.77,84.0,74.0,13.18,SB,1595532873.0
honningsvag,70.98,25.97,50.0,100.0,90.0,5.82,NO,1595532874.0
beitbridge,-22.22,30.0,53.58,69.0,0.0,8.57,ZW,1595532874.0
berbera,10.44,45.01,91.0,42.0,0.0,17.47,SO,1595532874.0
wlodawa,51.55,23.55,60.01,70.0,4.0,4.16,PL,1595532874.0
tigil,57.8,158.67,55.72,78.0,2.0,4.14,RU,1595532874.0
lardos,36.09,28.02,80.6,69.0,20.0,11.41,GR,1595532874.0
kota tinggi,1.74,103.9,77.0,94.0,20.0,0.2,MY,1595532874.0
lima,-12.04,-77.03,64.4,77.0,75.0,8.05,PE,1595532723.0
jackson,42.42,-122.83,84.0,22.0,1.0,6.93,US,1595532649.0
koumac,-20.57,164.28,67.01,83.0,0.0,3.78,NC,1595532875.0
korla,41.76,86.15,70.79,56.0,0.0,13.09,CN,1595532875.0
itarema,-2.92,-39.92,81.43,67.0,50.0,17.81,BR,1595532777.0
griffith,41.53,-87.42,80.01,57.0,90.0,4.38,US,1595532731.0
praia da vitoria,38.73,-27.07,73.4,60.0,20.0,4.16,PT,1595532713.0
san ramon,37.78,-121.98,80.01,49.0,1.0,9.17,US,1595532758.0
nyaunglebin,17.95,96.73,77.4,90.0,100.0,3.09,MM,1595532875.0
loiza,18.43,-65.88,87.8,70.0,40.0,21.92,PR,1595532875.0
le marin,14.47,-60.87,87.8,62.0,40.0,16.11,MQ,1595532875.0
nurota,40.56,65.69,91.4,24.0,74.0,6.93,UZ,1595532876.0
usevya,-7.1,31.23,67.01,40.0,0.0,2.93,TZ,1595532876.0
summerland,49.6,-119.67,78.8,36.0,40.0,5.82,CA,1595532876.0
mumbwa,-14.98,27.06,52.77,54.0,2.0,5.93,ZM,1595532876.0
kulhudhuffushi,6.62,73.07,81.3,82.0,100.0,14.36,MV,1595532876.0
great falls,47.5,-111.3,82.0,47.0,1.0,17.22,US,1595532830.0
leningradskiy,69.38,178.42,46.94,69.0,51.0,13.24,RU,1595532752.0
brae,60.4,-1.35,57.2,82.0,75.0,12.75,GB,1595532877.0
cockburn town,21.46,-71.14,83.16,77.0,99.0,20.56,TC,1595532861.0
andilamena,-17.02,48.58,53.91,91.0,57.0,12.1,MG,1595532877.0
amahai,-3.33,128.92,76.03,88.0,58.0,3.74,ID,1595532877.0
la ronge,55.1,-105.28,75.2,78.0,75.0,6.93,CA,1595532744.0
the valley,18.22,-63.06,84.2,70.0,40.0,16.11,AI,1595532639.0
chandpur,29.15,78.27,82.08,72.0,4.0,10.63,IN,1595532877.0
caravelas,-17.71,-39.25,73.53,75.0,56.0,6.15,BR,1595532739.0
tabuk,17.42,121.44,73.99,85.0,66.0,2.48,PH,1595532877.0
pacific grove,36.62,-121.92,64.4,68.0,90.0,5.82,US,1595532877.0
ust-nera,64.57,143.2,74.5,52.0,43.0,1.97,RU,1595532728.0
port keats,-14.25,129.55,63.32,38.0,0.0,10.2,AU,1595532878.0
flagstaff,35.2,-111.65,80.01,38.0,1.0,9.17,US,1595532826.0
bograd,54.23,90.83,59.0,82.0,100.0,8.95,RU,1595532878.0
college,64.86,-147.8,60.8,67.0,75.0,3.6,US,1595532746.0
kununurra,-15.77,128.73,53.6,40.0,0.0,4.7,AU,1595532737.0
teguise,29.06,-13.56,75.2,73.0,20.0,16.11,ES,1595532878.0
thurso,58.59,-3.53,55.4,93.0,90.0,5.82,GB,1595532878.0
terney,45.05,136.61,60.28,90.0,86.0,3.42,RU,1595532878.0
kathmandu,27.72,85.32,69.8,100.0,90.0,3.36,NP,1595532673.0
luderitz,-26.65,15.16,69.8,37.0,0.0,2.24,NA,1595532720.0
ballina,-28.87,153.57,59.0,93.0,90.0,6.93,AU,1595532772.0
durango,24.83,-104.83,77.45,44.0,96.0,8.28,MX,1595532768.0
nagyigmand,47.64,18.08,78.01,50.0,1.0,3.56,HU,1595532879.0
sola,-13.88,167.55,78.8,94.0,90.0,4.7,VU,1595532879.0
dublin,37.7,-121.94,79.0,49.0,1.0,9.17,US,1595532674.0
port augusta,-32.5,137.77,37.4,75.0,16.0,3.36,AU,1595532879.0
anzio,41.49,12.62,78.8,88.0,20.0,2.24,IT,1595532879.0
humaita,-7.51,-63.02,92.57,42.0,99.0,1.5,BR,1595532879.0
weligama,5.97,80.42,78.15,87.0,98.0,9.64,LK,1595532880.0
mangrol,21.12,70.12,83.57,83.0,100.0,13.0,IN,1595532880.0
popondetta,-8.75,148.25,71.91,86.0,0.0,2.28,PG,1595532782.0
artesia,33.87,-118.08,72.0,72.0,90.0,6.93,US,1595532767.0
mehamn,71.04,27.85,50.0,100.0,90.0,3.36,NO,1595532880.0
manokwari,-0.87,134.08,79.45,67.0,1.0,2.55,ID,1595532880.0
shyroke,47.69,33.26,64.4,45.0,0.0,6.71,UA,1595532880.0
maine-soroa,13.21,12.02,84.38,53.0,100.0,6.15,NE,1595532880.0
nabire,-3.37,135.48,74.93,87.0,15.0,4.29,ID,1595532880.0
riyadh,24.69,46.72,96.8,32.0,0.0,3.36,SA,1595532581.0
san patricio,19.22,-104.7,84.2,83.0,75.0,6.93,MX,1595532724.0
viransehir,37.24,39.76,84.52,16.0,0.0,1.7,TR,1595532881.0
meulaboh,4.14,96.13,74.82,90.0,100.0,2.26,ID,1595532752.0
opuwo,-18.06,13.84,58.32,33.0,0.0,8.46,NA,1595532728.0
san lawrenz,36.06,14.2,82.99,42.0,0.0,3.36,MT,1595532881.0
tres arroyos,-38.37,-60.28,48.87,95.0,100.0,11.39,AR,1595532881.0
eirunepe,-6.66,-69.87,94.44,36.0,49.0,0.98,BR,1595532881.0
danjiangkou,32.54,111.51,69.01,93.0,100.0,2.71,CN,1595532881.0
iralaya,15.0,-83.23,89.6,70.0,40.0,9.17,HN,1595532769.0
mezen,65.85,44.24,64.26,86.0,100.0,8.77,RU,1595532882.0
kalianget,-7.05,113.93,78.42,76.0,91.0,13.04,ID,1595532882.0
kavieng,-2.57,150.8,82.72,74.0,17.0,7.05,PG,1595532748.0
iqaluit,63.75,-68.51,50.0,81.0,75.0,4.7,CA,1595532776.0
biak,-0.91,122.88,75.54,84.0,72.0,7.72,ID,1595532882.0
vestmanna,62.16,-7.17,51.8,87.0,74.0,5.82,FO,1595532882.0
awbari,26.59,12.78,80.73,21.0,0.0,5.99,LY,1595532762.0
tazovskiy,67.47,78.7,44.92,77.0,0.0,13.02,RU,1595532882.0
wanlaweyn,2.62,44.89,75.31,67.0,87.0,19.08,SO,1595532883.0
savelugu,9.62,-0.83,79.59,77.0,100.0,4.54,GH,1595532883.0
houma,29.6,-90.72,84.2,83.0,75.0,13.87,US,1595532783.0
andros,37.83,24.93,84.0,42.0,0.0,18.34,GR,1595532883.0
stephenville,32.22,-98.2,95.0,39.0,40.0,9.17,US,1595532636.0
acari,-15.43,-74.62,69.13,52.0,57.0,9.26,PE,1595532775.0
kaniama,-7.57,24.18,67.98,32.0,0.0,3.33,CD,1595532883.0
asau,46.43,26.4,62.01,97.0,73.0,4.81,RO,1595532776.0
petropavlovsk-kamchatskiy,53.05,158.65,53.6,100.0,40.0,2.24,RU,1595532659.0
ararat,39.83,44.7,71.6,64.0,75.0,14.99,AM,1595532884.0
hospet,15.27,76.4,75.6,82.0,100.0,6.15,IN,1595532884.0
micoud,13.82,-60.9,87.8,66.0,20.0,19.46,LC,1595532884.0
kamina,-8.74,24.99,63.39,38.0,0.0,3.6,CD,1595532884.0
beira,-19.84,34.84,68.0,88.0,75.0,10.29,MZ,1595532884.0
orlik,52.52,99.83,51.89,65.0,61.0,1.63,RU,1595532884.0
porto nacional,-10.71,-48.42,91.4,31.0,40.0,6.93,BR,1595532775.0
seidu,9.02,-10.6,68.92,100.0,100.0,6.55,SL,1595532885.0
smithers,54.78,-127.17,60.8,67.0,75.0,3.36,CA,1595532625.0
tsogni,-2.79,10.1,70.3,85.0,79.0,4.43,GA,1595532885.0
san cristobal,7.77,-72.22,87.8,43.0,75.0,17.22,VE,1595532738.0
oliveira dos brejinhos,-12.32,-42.9,82.42,37.0,2.0,8.84,BR,1595532885.0
puerto carreno,6.19,-67.49,84.2,66.0,40.0,9.17,CO,1595532885.0
pokhara,28.23,83.98,71.28,82.0,93.0,0.78,NP,1595532885.0
turukhansk,65.82,87.98,53.11,72.0,84.0,5.79,RU,1595532885.0
emmett,43.87,-116.5,88.0,35.0,0.0,4.0,US,1595532757.0
tilichiki,60.47,166.1,54.36,71.0,0.0,3.94,RU,1595532780.0
alice springs,-23.7,133.88,35.6,69.0,0.0,4.7,AU,1595532886.0
acapulco,16.86,-99.89,86.0,79.0,40.0,8.05,MX,1595532716.0
wilmington,34.23,-77.94,95.0,49.0,75.0,10.29,US,1595532823.0
lufilufi,-13.87,-171.6,81.16,81.0,37.0,19.37,WS,1595532774.0
cayenne,4.93,-52.33,82.4,69.0,40.0,11.41,GF,1595532642.0
srednekolymsk,67.45,153.68,75.78,42.0,30.0,7.18,RU,1595532886.0
dubbo,-32.25,148.62,35.6,100.0,0.0,10.29,AU,1595532886.0
darlowo,54.42,16.41,57.02,73.0,0.0,7.05,PL,1595532886.0
del rio,29.36,-100.9,98.6,39.0,20.0,11.41,US,1595532886.0
straumen,63.87,11.3,53.6,71.0,75.0,21.92,NO,1595532887.0
kalabo,-14.97,22.68,57.87,36.0,1.0,6.13,ZM,1595532887.0
krasnorechenskiy,44.63,135.35,59.59,91.0,54.0,0.69,RU,1595532887.0
monrovia,6.3,-10.8,76.69,85.0,100.0,13.02,LR,1595532779.0
vila velha,-20.33,-40.29,78.01,61.0,20.0,10.29,BR,1595532760.0
gladstone,-23.85,151.25,59.0,82.0,31.0,6.93,AU,1595532887.0
depalpur,22.85,75.55,79.68,80.0,79.0,6.29,IN,1595532887.0
nouadhibou,20.93,-17.03,73.4,78.0,2.0,18.34,MR,1595532887.0
inhambane,-23.86,35.38,64.4,82.0,40.0,11.56,MZ,1595532744.0
veere,51.55,3.67,68.0,64.0,97.0,14.99,NL,1595532887.0
lusambo,-4.97,23.45,77.92,32.0,6.0,1.34,CD,1595532888.0
sayyan,15.17,44.32,65.48,63.0,68.0,2.71,YE,1595532888.0
kenora,49.82,-94.43,78.8,41.0,40.0,13.87,CA,1595532888.0
bambous virieux,-20.34,57.76,68.0,68.0,75.0,18.34,MU,1595532711.0
cedar city,37.68,-113.06,80.6,24.0,1.0,18.34,US,1595532888.0
portland,45.52,-122.68,66.99,68.0,90.0,3.36,US,1595532460.0
naron,43.52,-8.15,66.2,82.0,40.0,8.05,ES,1595532787.0
matamoros,25.53,-103.25,84.2,45.0,75.0,5.82,MX,1595532888.0
broken hill,-31.95,141.43,37.4,86.0,0.0,5.82,AU,1595532762.0
kharan,28.58,65.42,86.5,34.0,0.0,10.04,PK,1595532888.0
tabou,4.42,-7.35,75.67,86.0,72.0,9.66,CI,1595532888.0
puerto baquerizo moreno,-0.9,-89.6,73.4,78.0,75.0,11.41,EC,1595532746.0
sarangani,5.4,125.46,83.95,74.0,91.0,10.29,PH,1595532889.0
najran,17.49,44.13,95.0,24.0,40.0,6.93,SA,1595532889.0
homer,59.64,-151.55,59.0,72.0,1.0,4.7,US,1595532889.0
santa cruz,-17.8,-63.17,82.4,61.0,40.0,12.75,BO,1595532604.0
xinyu,27.8,114.93,80.56,82.0,100.0,1.52,CN,1595532889.0
kitangari,-10.65,39.33,60.62,73.0,0.0,5.84,TZ,1595532889.0
shache,38.42,77.24,75.24,21.0,8.0,7.05,CN,1595532889.0
moundou,8.57,16.08,73.06,86.0,100.0,5.1,TD,1595532889.0
timra,62.49,17.33,52.0,76.0,100.0,14.99,SE,1595532889.0
geilo,60.53,8.21,52.0,61.0,14.0,4.5,NO,1595532890.0
esmeraldas,-19.76,-44.31,75.2,38.0,0.0,6.93,BR,1595532890.0
orange cove,36.62,-119.31,82.4,45.0,1.0,4.92,US,1595532890.0
atar,20.52,-13.05,100.35,23.0,0.0,15.61,MR,1595532729.0
estelle,29.85,-90.11,84.2,88.0,75.0,12.75,US,1595532890.0
codrington,-38.27,141.97,37.8,90.0,100.0,9.04,AU,1595532760.0
sao jose da coroa grande,-8.9,-35.15,75.97,76.0,63.0,10.25,BR,1595532707.0
alofi,-19.06,-169.92,73.4,85.0,90.0,10.29,NU,1595532716.0
thinadhoo,0.53,72.93,83.25,70.0,100.0,3.78,MV,1595532890.0
navalmoral de la mata,39.89,-5.54,82.0,44.0,5.0,5.97,ES,1595532891.0
hami,42.8,93.45,76.68,41.0,62.0,6.44,CN,1595532711.0
henties bay,-22.12,14.28,66.99,62.0,0.0,1.01,NA,1595532783.0
xai-xai,-25.05,33.64,65.26,84.0,91.0,6.38,MZ,1595532891.0
latung,5.5,120.88,83.88,71.0,100.0,9.04,PH,1595532891.0
strezhevoy,60.73,77.59,55.4,71.0,29.0,4.47,RU,1595532891.0
goderich,43.75,-81.72,82.0,75.0,1.0,17.2,CA,1595532728.0
rodeo,38.03,-122.27,79.0,50.0,1.0,9.06,US,1595532891.0
wajima,37.4,136.9,70.09,85.0,100.0,4.68,JP,1595532891.0
vilhena,-12.74,-60.15,89.6,35.0,0.0,9.17,BR,1595532892.0
curumani,9.2,-73.54,87.04,67.0,100.0,2.37,CO,1595532892.0
lindenwold,39.82,-75.0,90.0,62.0,75.0,4.7,US,1595532729.0
oksfjord,70.24,22.35,50.0,100.0,75.0,4.7,NO,1595532892.0
san andres,12.58,-81.7,87.8,66.0,75.0,13.87,CO,1595532892.0
inuvik,68.35,-133.72,59.0,51.0,75.0,13.87,CA,1595532892.0
rohnert park,38.34,-122.7,71.6,64.0,1.0,7.63,US,1595532746.0
bretzfeld,49.18,9.44,73.99,46.0,57.0,5.82,DE,1595532892.0
yulara,-25.24,130.99,41.0,65.0,0.0,4.7,AU,1595532767.0
muravlenko,63.79,74.52,50.4,73.0,0.0,11.01,RU,1595532759.0
jijiga,9.35,42.8,61.09,84.0,21.0,10.58,ET,1595532731.0
pinawa,50.15,-95.88,83.35,38.0,9.0,12.66,CA,1595532893.0
kaeo,-35.1,173.78,48.0,3.0,5.0,3.0,NZ,1595532893.0
redmond,47.67,-122.12,68.0,76.0,57.0,5.88,US,1595532843.0
ahipara,-35.17,173.17,55.49,75.0,2.0,11.14,NZ,1595532733.0
malartic,48.13,-78.13,79.0,47.0,40.0,8.05,CA,1595532605.0
madang,-5.22,145.8,76.05,89.0,8.0,2.68,PG,1595532894.0
maseru,-29.32,27.48,39.6,62.0,0.0,1.95,LS,1595532894.0
yarmouth,41.71,-70.23,86.0,66.0,1.0,18.34,US,1595532741.0
borogontsy,62.67,131.17,59.29,78.0,0.0,4.97,RU,1595532895.0
havelock,34.88,-76.9,90.0,65.0,10.0,10.0,US,1595532895.0
khorramshahr,30.44,48.17,95.0,63.0,0.0,4.7,IR,1595532895.0
kruszwica,52.68,18.33,61.0,67.0,14.0,4.18,PL,1595532895.0
tanout,14.97,8.89,88.39,42.0,46.0,10.31,NE,1595532895.0
xudat,41.63,48.68,75.74,46.0,51.0,5.79,AZ,1595532896.0
brigg,53.55,-0.49,64.4,88.0,88.0,10.29,GB,1595532896.0
rochegda,62.8,43.25,60.93,99.0,100.0,5.08,RU,1595532896.0
anadyr,64.75,177.48,53.6,81.0,98.0,4.47,RU,1595532751.0
coihaique,-45.58,-72.07,24.8,79.0,75.0,4.7,CL,1595532896.0
ulaanbaatar,47.91,106.88,55.4,87.0,95.0,2.24,MN,1595532798.0
mpongwe,-13.51,28.16,57.06,49.0,0.0,10.67,ZM,1595532897.0
banff,51.18,-115.57,66.0,84.0,7.0,5.99,CA,1595532897.0
prince rupert,54.32,-130.32,53.6,100.0,90.0,8.05,CA,1595532897.0
smirnykh,49.75,142.83,50.56,90.0,100.0,2.21,RU,1595532897.0
soyo,-6.13,12.37,72.12,82.0,0.0,8.59,AO,1595532897.0
dangtu,31.57,118.49,78.01,100.0,75.0,4.47,CN,1595532897.0
victoria,22.29,114.16,84.0,79.0,91.0,6.49,HK,1595532435.0
varhaug,58.61,5.65,55.99,95.0,100.0,7.18,NO,1595532897.0
shimoda,34.67,138.95,68.0,95.0,99.0,4.65,JP,1595532732.0
yurimaguas,-5.9,-76.08,89.6,66.0,40.0,4.7,PE,1595532898.0
markivka,49.52,39.57,59.38,70.0,38.0,4.09,UA,1595532898.0
itoman,26.12,127.67,84.2,83.0,40.0,12.75,JP,1595532898.0
monster,52.03,4.17,70.0,56.0,87.0,4.0,NL,1595532898.0
santa isabel do rio negro,-0.41,-65.02,86.25,72.0,61.0,1.52,BR,1595532898.0
wanaka,-44.7,169.15,30.0,78.0,0.0,3.0,NZ,1595532898.0
penzance,50.12,-5.54,64.0,100.0,90.0,11.41,GB,1595532764.0
acarau,-2.89,-40.12,82.04,66.0,75.0,17.83,BR,1595532763.0
merke,42.87,73.18,76.66,29.0,0.0,8.57,KZ,1595532898.0
xalpatlahuac,17.47,-98.62,76.05,71.0,37.0,1.16,MX,1595532898.0
